Transaction_ID,Description,Category
1,Rent,Housing and Utilities
2,Electricity Bill,Housing and Utilities
3,Water Bill,Housing and Utilities
8,Home Insurance,Housing and Utilities
13,Metro Ticket,Transportation
17,Metro Ticket,Transportation
9,Car Insurance,Vehicle Maintenance
12,Café Noir,Food and Drinks
14,Lunch at Work Cafeteria,Food and Drinks
18,Lunch at Veggie Corner,Food and Drinks
15,Supermarket Express,Groceries
16,Bakery Deluxe,Groceries
19,Pharmacy,Health and Wellness
10,Health Insurance,Health and Wellness
6,Gym Membership,Entertainment
7,Netflix Subscription,Entertainment
11,Spotify Premium,Entertainment
6,Gym Membership,Subscriptions and Fees
7,Netflix Subscription,Subscriptions and Fees
11,Spotify Premium,Subscriptions and Fees
5,Mobile Phone Plan,Miscellaneous Expense
4,Internet Service,Miscellaneous Expense
0,Salary,Salary
20,Café Noir,Food and Drinks
22,Lunch at Pasta Paradise,Food and Drinks
24,Bakery Deluxe,Food and Drinks
26,Lunch at Sushi Express,Food and Drinks
28,Café Noir,Food and Drinks
30,Lunch at Burger Bliss,Food and Drinks
33,Coffee Bean,Food and Drinks
34,Pizza Pronto,Food and Drinks
38,Ice Cream Parlor,Food and Drinks
36,Brunch at Sunny Side Up,Food and Drinks
21,Metro Ticket,Transportation
25,Metro Ticket,Transportation
29,Metro Ticket,Transportation
32,Local Market,Groceries
39,Supermarket Express,Groceries
27,Cinema Ticket,Entertainment
37,Museum Entry,Entertainment
31,H&M,Shopping
35,Gas Station,Vehicle Maintenance
40,Café Noir,Food and Drinks
42,Lunch at Salad Bar,Food and Drinks
45,Bakery Deluxe,Food and Drinks
47,Lunch at Taco Fiesta,Food and Drinks
49,Café Noir,Food and Drinks
51,Lunch at Pho Delight,Food and Drinks
53,Bakery Deluxe,Food and Drinks
55,Lunch at Greek Taverna,Food and Drinks
57,Café Noir,Food and Drinks
59,Lunch at Indian Spice,Food and Drinks
41,Metro Ticket,Transportation
46,Metro Ticket,Transportation
50,Metro Ticket,Transportation
54,Metro Ticket,Transportation
58,Metro Ticket,Transportation
43,Office Supplies Store,Shopping
52,Electronics Store,Shopping
56,Concert Ticket,Entertainment
48,Dry Cleaning,Personal Care
44,Dividend Payment,Investments
60,Zara,Shopping
73,Stationery Shop,Shopping
61,Farmers Market,Groceries
69,Supermarket Express,Groceries
62,Coffee Bean,Food and Drinks
63,Italian Restaurant,Food and Drinks
66,Brunch at Crepe Corner,Food and Drinks
68,Gelato Shop,Food and Drinks
70,Café Noir,Food and Drinks
72,Lunch at Sandwich Spot,Food and Drinks
74,Bakery Deluxe,Food and Drinks
76,Lunch at Wok & Roll,Food and Drinks
78,Café Noir,Food and Drinks
64,Movie Rental,Entertainment
67,Botanical Garden Entry,Entertainment
71,Metro Ticket,Transportation
75,Metro Ticket,Transportation
79,Metro Ticket,Transportation
65,Freelance Payment,Miscellaneous Income
80,Lunch at Falafel House,Food and Drinks
82,Bakery Deluxe,Food and Drinks
84,Lunch at Smoothie Bar,Food and Drinks
89,Lunch at Ramen House,Food and Drinks
95,Brunch at Pancake Palace,Food and Drinks
97,Food Truck Festival,Food and Drinks
92,Coffee Bean,Food and Drinks
87,Café Noir,Food and Drinks
99,Café Noir,Food and Drinks
81,Sporting Goods Store,Shopping
85,Art Supply Shop,Shopping
90,Uniqlo,Shopping
91,Local Market,Shopping
98,Supermarket Express,Shopping
83,Metro Ticket,Transportation
88,Metro Ticket,Transportation
94,Car Wash,Vehicle Maintenance
96,Zoo Admission,Entertainment
101,Lunch at Veggie Delight,Food and Drinks
103,Bakery Deluxe,Food and Drinks
105,Lunch at Burrito Bowl,Food and Drinks
108,Café Noir,Food and Drinks
110,Lunch at Sushi Train,Food and Drinks
112,Bakery Deluxe,Food and Drinks
114,Lunch at Poke Place,Food and Drinks
116,Café Noir,Food and Drinks
118,Lunch at Mediterranean Grill,Food and Drinks
102,Phone Accessories Shop,Shopping
106,Pet Store,Shopping
111,Bookstore,Shopping
119,Home Decor Store,Shopping
100,Metro Ticket,Transportation
104,Metro Ticket,Transportation
109,Metro Ticket,Transportation
113,Metro Ticket,Transportation
117,Metro Ticket,Transportation
115,Theater Ticket,Entertainment
107,Rental Income,Miscellaneous Income
121,Coffee Bean,Food and Drinks
122,Steakhouse,Food and Drinks
124,Brunch at Avocado Toast,Food and Drinks
126,Ice Cream Truck,Food and Drinks
129,Café Noir,Food and Drinks
131,Lunch at Noodle Bar,Food and Drinks
139,Deliveroo,Food and Drinks
120,Farmers Market,Groceries
127,Supermarket Express,Groceries
133,Amazon.com,Spending at Shopping
134,Etsy,Spending at Shopping
135,eBay,Spending at Shopping
136,Steam Games,Spending at Shopping
137,Apple App Store,Spending at Shopping
123,Gas Station,Transportation
130,Metro Ticket,Transportation
134,Uber,Transportation
125,Aquarium Visit,Entertainment
147,Nintendo eShop,Entertainment
150,Humble Bundle,Entertainment
153,Bandcamp,Entertainment
156,Playstation Store,Entertainment
157,Ticketmaster,Entertainment
142,Uber Eats,Food and Drinks
149,Just Eat,Food and Drinks
151,Wish,Groceries
155,Etsy,Groceries
154,Depop,Groceries
146,Airbnb,Housing and Utilities
140,Google Play Store,Shopping
141,AliExpress,Shopping
143,Wayfair,Shopping
145,ASOS,Shopping
148,Zalando,Shopping
158,Revolut Top-up,Subscriptions and Fees
159,Patreon,Subscriptions and Fees
160,GOG.com,Entertainment
187,Board Game Cafe,Entertainment
188,Escape Room,Entertainment
189,Karaoke Bar,Entertainment
190,Bowling Alley,Entertainment
191,Mini Golf,Entertainment
192,Arcade,Entertainment
181,Vinyl Record Store,Shopping
182,Thrift Store,Shopping
186,Comic Book Store,Shopping
196,University Bookstore,Shopping
198,Library Late Fee,Shopping
199,Bike Shop,Shopping
183,Craft Beer Shop,Food and Drinks
185,Vape Shop,Food and Drinks
193,Gym Protein Shake,Food and Drinks
194,Office Vending Machine,Food and Drinks
195,Street Food Vendor,Food and Drinks
197,Campus Cafe,Food and Drinks
184,Organic Food Store,Groceries
180,Phone Screen Replacement,Repairs and Maintenance
201,Food Co-op,Food and Drinks
210,Karaoke Bar,Food and Drinks
200,Flea Market,Entertainment
203,Dance Class,Entertainment
206,Cooking Class,Entertainment
207,Wine Tasting,Entertainment
208,Pottery Workshop,Entertainment
211,Rock Climbing Gym,Entertainment
212,Surf Shop Rental,Entertainment
213,Ski Pass,Entertainment
214,Camping Equipment Rental,Entertainment
215,Kayak Rental,Entertainment
216,Fishing License,Entertainment
217,Golf Course Green Fee,Entertainment
218,Tennis Court Rental,Entertainment
219,Swimming Pool Entry,Entertainment
202,Yoga Studio,Health and Wellness
204,Language Learning App,Subscriptions and Fees
205,Online Course,Subscriptions and Fees
220,Gym Day Pass,Entertainment
221,Laser Tag,Entertainment
222,Trampoline Park,Entertainment
224,Go-Kart Track,Entertainment
225,Paintball,Entertainment
226,ATM Withdrawal Fee,Miscellaneous Expense
227,Bank Transfer Fee,Miscellaneous Expense
228,Foreign Transaction Fee,Miscellaneous Expense
229,Credit Card Annual Fee,Miscellaneous Expense
230,Overdraft Fee,Miscellaneous Expense
231,Safe Deposit Box Rental,Miscellaneous Expense
232,Investment Management Fee,Miscellaneous Expense
233,Clothing Alteration,Personal Care
234,Shoe Shine,Personal Care
236,Suit Dry Cleaning,Personal Care
235,Watch Strap Replacement,Personal Care
237,Leather Goods Repair,Personal Care
238,Jewelry Cleaning,Personal Care
239,Rental Income,Investments
223,Freelancing,Miscellaneous Income
258,Cafe Mulino,Food and Drinks
252,Plant Nursery,Shopping
253,Garden Tools Rental,Shopping
254,Lawn Mowing Service,Shopping
255,Tree Trimming Service,Shopping
256,Pest Control Service,Shopping
240,Tire Rotation,Vehicle Maintenance
241,Oil Change,Vehicle Maintenance
242,Car Detailing,Vehicle Maintenance
243,Windshield Wiper Replacement,Vehicle Maintenance
244,Battery Replacement,Vehicle Maintenance
245,Brake Pad Replacement,Vehicle Maintenance
246,Antivirus Software Renewal,Subscriptions and Fees
247,Cloud Storage Subscription,Subscriptions and Fees
248,Domain Name Renewal,Subscriptions and Fees
249,Website Hosting Fee,Subscriptions and Fees
250,VPN Service,Subscriptions and Fees
251,Password Manager Subscription,Subscriptions and Fees
257,GPT Subscription,Subscriptions and Fees
